pid,name,team,league,role,GP,W,v02
oe:player:d8362fe0d38ca0e70953ed957deaa00,Rekkles,Los Ratones,NLC,Support,110,0.8,2.6
oe:player:36d61387b87cbabd4c833a490f25a55,Ryuk,Lille Esport,LFL2,ADC,18,0.611,1.969
oe:player:3dbe8ecf9c97fc12b28ad199bdb5f82,Baut,BBL Dark Passage,TCL,Support,22,0.5,1.897
oe:player:9b7c45e7ef1970c25aee38bf556f8c0,Kozak,Green Dolphin Gaming,NEXO,ADC,16,0.562,1.891
oe:player:9d361f9d8214252ee571375f9105cb4,frosty,RED Canids,CBLOL,Support,63,0.508,1.762
oe:player:10be1f35d8b5ea6babf916a6e7dd8a4,Fleshy,Team Vitality,LFL,Support,52,0.519,1.729
oe:player:7676c3dbf9486cb34da6e1c94d09b70,Aomine,1TAP Dino,VCS,ADC,43,0.767,1.707
oe:player:dfc279de8d7bd571aa8edfd7eb89c03,Moham,Oh My God,LPL,Support,60,0.467,1.683
oe:player:c8fe7c65a2ae0ab6ff62674ade6847d,Cloud,T1 Esports Academy,LCKC,Support,148,0.615,1.682
oe:player:eaaf2e20683cde8408d05159c05528c,Aladoric,Austrian Force willhaben,PRM,Support,18,0.389,1.669
oe:player:f89b14820da11d8679cfd07da552ca5,uZent,RED Academy,CD,Support,47,0.723,1.664
oe:player:3e68fd564e4e518b8aed89b9a0bf855,Pyrka,Ramboot Club,LES,Support,15,0.533,1.654
oe:player:d24f38ec30ce6f7577066f80e43e4bf,Kael,Anyone's Legend,LPL,Support,183,0.639,1.608
oe:player:22d4497301dd0fefcac2d838ad2d1b4,Rito,Ramboot Club,LES,Support,17,0.765,1.591
oe:player:1f7d70f56b608b3137df2493949fdd0,Bie,1TAP Dino,VCS,Support,47,0.723,1.588
oe:player:403937c97942cb4634ef8907077ede5,Xiaoxia,Ultra Prime,LPL,Support,64,0.406,1.568
oe:player:ca18f3cf2fd9adb391d4770c33286f0,Raina,REJECT,LJL,Support,60,0.783,1.566
oe:player:db79ce6ad35451c938fbe2995dabd37,Keria,T1,LCK,Support,187,0.631,1.56
oe:player:1a38c55db5f8af06ebac94d8530ff71,Avra,Esprit Shōnen,LFL2,ADC,50,0.7,1.542
oe:player:37b0ff747a3bc11f577c0a05f0dedd1,Samver,1TAP Dino,LJL,ADC,64,0.75,1.531
oe:player:55dd290e8824755e997201409a0b36a,FliiZee,Oxygen Gaming,NEXO,ADC,16,0.688,1.519
oe:player:94e5c960a512595b39fea5f350d7d0d,OddEye,T1 Esports Academy Rookies,LAS,ADC,122,0.73,1.51
oe:player:1b90b5086aa57992143a92a2899b8e0,Taki,Team Secret Whales,LCP,Support,78,0.551,1.496
oe:player:fdde756c37f499c36df183d987b3c6d,Ibai,Oxygen Gaming,NEXO,ADC,35,0.571,1.488
oe:player:e78da55d6db43d982f841204a8e51ac,Zhuo,Ninjas in Pyjamas,LPL,Support,99,0.394,1.478
oe:player:eff6236e2369eaeccf4c9434031d20c,3XA,Karmine Corp Blue,LFL,ADC,127,0.669,1.47
oe:player:285107bcc7ed3fdef0a479f78bc211c,DICE,QT DIG∞,LJL,Mid,64,0.641,1.467
oe:player:fe4329cec43193c425eb28a4a4b304a,Upset,Fnatic,LEC,ADC,87,0.598,1.467
oe:player:343b2b8ed97512673e3e1ef2705b0de,Cavalo,Corinthians Esports,CD,Support,52,0.558,1.466
oe:player:11ca8602d3855c158442bb37c9254bb,Neadz,Lechuga Gaming,LRS,Mid,16,0.562,1.464
oe:player:dab9d868efc0d19f7f347ba16c372bc,Karaage,RAYN Clocks,LJL,Mid,24,0.667,1.463
oe:player:f5bf9bd732b85e4dcab5121e4769ae4,Alvaro,Movistar KOI,LEC,Support,109,0.532,1.456
oe:player:051ca2e31ba25123961b3df95fdef4c,Delight,Hanwha Life Esports,LCK,Support,169,0.645,1.453
oe:player:81acc6bcde5c927c78e0990e9887f84,Vulcan,Cloud9,LCS,Support,75,0.64,1.449
oe:player:ee051912ad5f9a97aa9ce4980cbb481,Peter,KT Rolster,LCK,Support,135,0.585,1.444
oe:player:0758af26fa0c3af6899bb1569059609,Lospa,GIANTX iTero,LES,Support,87,0.69,1.443
oe:player:1e48e6a94caf09f3d8275ffba847eea,Jelly,Fuego,LRN,Support,15,0.533,1.439
oe:player:90651ebea9a35ec4e018c8157492e17,ON,Bilibili Gaming,LPL,Support,189,0.603,1.436
oe:player:a1cd4e9b2265b1a11ea157ccc74b1e5,UNF0RGIVEN,Geekay Esports,LES,ADC,59,0.661,1.436
oe:player:13166913111075999f2adeb687548eb,Parukia,EDward Gaming,LPL,Support,52,0.635,1.435
oe:player:0015d99e65183977a9e65547b37f1cb,Harp,DetonatioN FocusMe,LCP,Support,53,0.264,1.435
oe:player:ab2455e33b8ddb6a9d2d41107a2ed4f,Hang,Top Esports,LPL,Support,113,0.593,1.433
oe:player:c7c0cc0b057c316e22af5c5da55c0c8,Guigs,KaBuM! Ilha das Lendas,CD,Support,44,0.341,1.433
oe:player:31b5f1d49f55acb4ee7624813bda6b2,Woody,PSG Talon,LCP,Support,92,0.533,1.432
oe:player:3b2d059fda23dc133eb0e8d9e184acd,Nomi,CNG Royal,NLC,ADC,16,0.5,1.426
oe:player:1d1600d15a68ab1a80348ee748ea1e3,scamber,Vivo Keyd Stars Academy,CD,Support,58,0.672,1.424
oe:player:bda7cc061d7a1576f1dcad33dd505cd,Meiko,Invictus Gaming,LPL,Support,144,0.583,1.42
oe:player:6841f2d68619d53bdd1cdbf30b5be2c,Zeyzal,Luminosity Gaming,NACL,Support,71,0.704,1.416
oe:player:5000a68e43f946c726a17e1008e230a,Feather,ThunderTalk Gaming,LPL,Support,105,0.352,1.412
oe:player:c70b6e57e597809a8561caa79c5db8f,Keii,DarkZero Dragonsteel,LRN,Top,44,0.659,1.41
