pid,name,team,league,role,GP,W,v03
oe:player:9b7c45e7ef1970c25aee38bf556f8c0,Kozak,Green Dolphin Gaming,NEXO,ADC,16,0.562,2.365
oe:player:36d61387b87cbabd4c833a490f25a55,Ryuk,Lille Esport,NL,ADC,18,0.611,2.34
oe:player:86f395462990a4e7ecc8244caff13b5,Saii,Spirit Quartz Gaming,LJL,Mid,34,0.5,2.17
oe:player:e72c863b7586a6b3a37e6e91339472d,kPr,FN Esports,AL,Top,26,0.538,2.139
oe:player:d8362fe0d38ca0e70953ed957deaa00,Rekkles,Los Ratones,NLC,Support,110,0.8,1.972
oe:player:c70b6e57e597809a8561caa79c5db8f,Keii,DarkZero Dragonsteel,LRN,Top,44,0.659,1.915
oe:player:6fcbbff49badbddafbda79a49abba07,STEPZ,inf,LRN,Jungle,29,0.655,1.824
oe:player:11ca8602d3855c158442bb37c9254bb,Neadz,Lechuga Gaming,LRS,Mid,16,0.562,1.802
oe:player:81eb81987bcf9be1e3771a7f0a4ca77,Zamudo,Isurus,NACL,Top,42,0.69,1.795
oe:player:881b9cbf6567a84a259bec4e55f034e,tomomaso,Andromeda Gaming,HC,Top,31,0.387,1.764
oe:player:dab9d868efc0d19f7f347ba16c372bc,Karaage,RAYN Clocks,LJL,Mid,24,0.667,1.697
oe:player:786b5bbf7bbfb7b79379e8589a865c1,Zest,Bushido Wildcats,TCL,Top,56,0.5,1.666
oe:player:fdde756c37f499c36df183d987b3c6d,Ibai,Oxygen Gaming,NEXO,ADC,35,0.571,1.665
oe:player:20efc2ad55010cc08bff95571ac8146,Guvez,B2U,LPLOL,Top,20,0.5,1.64
oe:player:3dbe8ecf9c97fc12b28ad199bdb5f82,Baut,BBL Dark Passage,TCL,Support,22,0.5,1.639
oe:player:cb5feb1b7314637725a2e73bdc9f729,Color,Macko Esports,LIT,Top,19,0.789,1.616
name:DM p1ng,DM p1ng,Dream in 24,LJL,Top,30,0.667,1.586
oe:player:285107bcc7ed3fdef0a479f78bc211c,DICE,QT DIG∞,LJL,Mid,64,0.641,1.576
oe:player:df1274a25b88333180c934458717dc5,Mario,Axolotl,LIT,Jungle,16,0.375,1.568
oe:player:da550ca06bcacbd30b7c6ed32c864c7,Norwegian,Yang Yang Gaming,LJL,Jungle,56,0.589,1.539
oe:player:44b1e81bfc6d5bb1a0da7fe5daaa4c0,Samkz,CITA Kaizen,HC,Jungle,26,0.654,1.497
oe:player:bc4f68ea698f26bb1e2f6d34f900f57,SamD,Natus Vincere,LFL,ADC,63,0.476,1.453
oe:player:652b15e8a821f5f825693df9ae62a80,Kinatu,REJECT,LJL,Top,60,0.783,1.45
oe:player:04d8d57065f355309b2887a6e49d58b,Bayonetta,Otter Side,LPLOL,Top,22,0.682,1.44
oe:player:ffa7f50db949da3f7ccec7e2c4ec4c6,raining,FlameHard,HM,ADC,67,0.731,1.417
oe:player:46c0cc4125d2134240ee11081aa30b2,Asza,Senshi eSports,ROL,ADC,26,0.346,1.395
oe:player:7b0aeb1bb297b0d44629e94186bcb6a,Nafkelah,Caldya Esport,NL,Mid,63,0.587,1.374
oe:player:739c1ceddb772fbbf222215006c963d,Cripple,BeFive,EBL,Top,17,0.412,1.373
oe:player:78081d0b3c01f1f295d52d53744261a,Ghost,Estral Esports,LRN,ADC,33,0.576,1.371
oe:player:94e5c960a512595b39fea5f350d7d0d,OddEye,T1 Esports Academy Rookies,LAS,ADC,122,0.73,1.366
oe:player:10be1f35d8b5ea6babf916a6e7dd8a4,Fleshy,Team Vitality,LFL,Support,52,0.519,1.363
oe:player:a1cd4e9b2265b1a11ea157ccc74b1e5,UNF0RGIVEN,Geekay Esports,LES,ADC,59,0.661,1.363
oe:player:694d028e62f4ea668b206ab752b6f94,Sayn,IziDream,NL,Mid,63,0.54,1.359
name:DG suyahime,DG suyahime,Deltan Gaming,LJL,Mid,37,0.649,1.342
oe:player:55dd290e8824755e997201409a0b36a,FliiZee,Oxygen Gaming,NEXO,ADC,16,0.688,1.332
oe:player:dd77279f7d325eec933f05b1672f6a1,1116,Ground Zero Gaming,PCS,Mid,74,0.608,1.331
oe:player:c71563c4ae48cc1bbd2e7913366cdf7,SLT,Verdant,NLC,Top,47,0.617,1.331
oe:player:eff6236e2369eaeccf4c9434031d20c,3XA,Karmine Corp Blue,LFL,ADC,127,0.669,1.328
oe:player:c8fe7c65a2ae0ab6ff62674ade6847d,Cloud,T1 Esports Academy,LCKC,Support,148,0.615,1.324
oe:player:7bb257e3cbfb5ab2f597a76848372d1,CROmpir,Oxygen Gaming,NEXO,Mid,16,0.688,1.324
oe:player:1a38c55db5f8af06ebac94d8530ff71,Avra,Esprit Shōnen,NL,ADC,50,0.7,1.321
oe:player:9d361f9d8214252ee571375f9105cb4,frosty,RED Canids,CBLOL,Support,63,0.508,1.31
oe:player:d1ae0e2f9f3ac1e0e0cdcb86504ca77,Feisty,GIANTX iTero,LES,Mid,87,0.69,1.304
oe:player:dfc279de8d7bd571aa8edfd7eb89c03,Moham,Oh My God,LPL,Support,60,0.467,1.274
oe:player:943f53d325e6a71dab00800edcbbac6,Shakur,GTZ Esports,LPLOL,ADC,19,0.421,1.248
name:DG socceryakyu,DG socceryakyu,Deltan Gaming,LJL,Jungle,18,0.778,1.245
oe:player:d15b82adddaa090c020804784cb9ed3,Funky,Maze Gaming,LRS,Jungle,45,0.6,1.243
oe:player:c71b4244f70372f8be07a3e83c58490,Heroic,Zerolag Esports,LPLOL,Mid,44,0.545,1.24
oe:player:895b81748441d4b3c8faa7c1b8452dc,Sparda,1TAP Dino,VCS,Top,47,0.723,1.229
oe:player:c691200f8d12ee61ae01047c4629c62,Kenvi,Citadel Gaming,NACL,Jungle,20,0.55,1.227
